--------------
-- Zorigt Bazarragchaa
--------------

Query OK, 0 rows affected (0.00 sec)

--------------
 /* enable warnings! */

use a_vets
--------------

Query OK, 0 rows affected (0.00 sec)

--------------
/* TASK 00 */
select user(), current_date(), version(), @@sql_mode
--------------

*************************** 1. row ***************************
        user(): zorigt@localhost
current_date(): 2013-06-23
     version(): 5.6.12
    @@sql_mode: STRICT_TRANS_TABLES,NO_AUTO_CREATE_USER,NO_ENGINE_SUBSTITUTION
1 row in set (0.00 sec)

--------------
/* TASK 01 */
select
	cl_id
,	cl_name_last
,	an_name
from vt_animals
join vt_clients using (cl_id)
--------------

+-------+--------------+-----------------+
| cl_id | cl_name_last | an_name         |
+-------+--------------+-----------------+
|   411 | Carter       | Burgess         |
|   411 | Carter       | Pinkie          |
|   411 | Carter       | Pinkie          |
|   411 | Carter       | Yoggie          |
|   411 | Carter       | Calvin Coolidge |
|  1825 | Harris       | Fritz           |
|  1825 | Harris       | Ursula          |
|  1825 | Harris       | Edger           |
|  1825 | Harris       | Koshka          |
|  1825 | Harris       | Koshka          |
|  1852 | Dalrymple    | NULL            |
|  1852 | Dalrymple    | Adalwine        |
|  1852 | Dalrymple    | Baldric         |
|  1852 | Dalrymple    | Etta            |
|  1852 | Dalrymple    | Manfried        |
|  1852 | Dalrymple    | Waldrom         |
|  3560 | Monk         | Gutsy           |
|  3560 | Monk         | Mr Peanut       |
|  3560 | Monk         | Gutsy           |
|  4534 | Montgomery   | Kenny           |
|  4534 | Montgomery   | NULL            |
|  4534 | Montgomery   | NULL            |
|  5699 | Biederbecke  | Big Mike        |
|  5699 | Biederbecke  | George          |
|  5699 | Biederbecke  | 25              |
|  5699 | Biederbecke  | Gutsy           |
|  6897 | Drake        | Napper          |
|  7152 | Brubeck      | 3P#_26          |
|  7152 | Brubeck      | 3P#_25          |
+-------+--------------+-----------------+
29 rows in set (0.00 sec)

--------------
/* TASK 02 */
select
	ex_id
,	srv_id
,	srv_desc
,	srv_list_price
,	ex_fee
from vt_exam_details
join vt_services using (srv_id)
where ex_fee between 30 and 50
order by srv_id
--------------

+-------+--------+----------------------------+----------------+--------+
| ex_id | srv_id | srv_desc                   | srv_list_price | ex_fee |
+-------+--------+----------------------------+----------------+--------+
|  3390 |    101 | Dental Cleaning-Canine     |          50.00 |  50.00 |
|  3513 |    104 | Routine Exam-Reptile       |          60.00 |  30.00 |
|  3288 |    104 | Routine Exam-Reptile       |          60.00 |  30.00 |
|  3494 |    104 | Routine Exam-Reptile       |          60.00 |  30.00 |
|  1998 |    104 | Routine Exam-Reptile       |          60.00 |  30.00 |
|  3514 |    104 | Routine Exam-Reptile       |          60.00 |  30.00 |
|  3306 |    104 | Routine Exam-Reptile       |          60.00 |  30.00 |
|  3282 |    110 | Dental Cleaning-Other      |         100.00 |  50.00 |
|  3392 |    398 | Followup Exam-Canine       |          35.00 |  30.00 |
|  3612 |    606 | Tooth extraction Level 2   |          40.00 |  40.00 |
|  3612 |    613 | Hospital stay- short       |          47.00 |  47.00 |
|  3104 |    613 | Hospital stay- short       |          47.00 |  47.00 |
|  3306 |    687 | Vitamin E- Concentrated    |          45.00 |  45.00 |
|  3288 |    687 | Vitamin E- Concentrated    |          45.00 |  45.00 |
|  1998 |    687 | Vitamin E- Concentrated    |          45.00 |  45.00 |
|  3392 |   1003 | Intestinal Parasite Screen |          26.00 |  45.00 |
+-------+--------+----------------------------+----------------+--------+
16 rows in set (0.00 sec)

--------------
/* TASK 03 */
select
	ex_id
,	ex_date
,	srv_id
,	ex_fee
from vt_exam_details
join vt_exam_headers using (ex_id)
join vt_animals using (an_id)
where an_type in ('hamster', 'capybara', 'porcupine', 'dormouse') 
order by srv_id
--------------

+-------+---------------------+--------+--------+
| ex_id | ex_date             | srv_id | ex_fee |
+-------+---------------------+--------+--------+
|  1999 | 2012-12-03 14:30:00 |    524 |  20.00 |
|  3203 | 2013-02-03 14:30:00 |    524 |  20.00 |
|  1997 | 2012-11-06 10:45:00 |    748 |   0.00 |
|  3393 | 2013-03-23 12:15:00 |    748 |  29.50 |
|  1996 | 2012-11-16 09:15:00 |    748 |  29.50 |
|  3103 | 2013-01-02 15:30:00 |   4601 | 275.00 |
|  3486 | 2013-03-31 13:00:00 |   4601 | 275.00 |
+-------+---------------------+--------+--------+
7 rows in set (0.00 sec)

--------------
/* TASK 04 */
select
	stf_id
,	stf_name_first
,	stf_name_last
from vt_staff
join vt_exam_headers using (stf_id)
join vt_animals using (an_id)
where an_type in ('snake', 'chelonian', 'crocodilian', 'lizard')
--------------

+--------+----------------+---------------+
| stf_id | stf_name_first | stf_name_last |
+--------+----------------+---------------+
|     15 | Eliza          | Dolittle      |
|     25 | Bridgette      | Wilkommen     |
|     25 | Bridgette      | Wilkommen     |
|     15 | Eliza          | Dolittle      |
|     29 | Sandy          | Helfen        |
|     15 | Eliza          | Dolittle      |
|     29 | Sandy          | Helfen        |
|     29 | Sandy          | Helfen        |
|     29 | Sandy          | Helfen        |
|     29 | Sandy          | Helfen        |
|     29 | Sandy          | Helfen        |
|     29 | Sandy          | Helfen        |
|     29 | Sandy          | Helfen        |
|     29 | Sandy          | Helfen        |
|     15 | Eliza          | Dolittle      |
|     29 | Sandy          | Helfen        |
+--------+----------------+---------------+
16 rows in set (0.00 sec)

--------------
/* TASK 05 */
select *
from a_vets.vt_services
where srv_desc like '%feline%'
and srv_desc not like '%dental%'
order by srv_type, srv_id
--------------

+--------+----------------+--------------------------------------------+--------------+
| srv_id | srv_list_price | srv_desc                                   | srv_type     |
+--------+----------------+--------------------------------------------+--------------+
|    225 |          75.00 | Feline PCR Series                          | medicine     |
|    551 |          35.50 | First Feline PCR                           | medicine     |
|    552 |          25.00 | Second Feline PCR                          | medicine     |
|    553 |          25.00 | Third Feline PCR                           | medicine     |
|    108 |          80.00 | Routine Exam-Feline                        | office visit |
|    308 |          45.00 | Followup Exam-Feline                       | office visit |
|   4601 |         275.00 | Feline Behaviour Modification Consultation | treatment    |
+--------+----------------+--------------------------------------------+--------------+
7 rows in set (0.00 sec)

--------------
/* TASK 06 */
select 
	an_id
,	an_name
,	an_dob
,	an_type
from a_vets.vt_animals
where (an_dob like '2008%' or an_dob like '2010%')
and not an_type in ('snake', 'chelonian', 'bird')
--------------

+-------+---------+------------+-----------+
| an_id | an_name | an_dob     | an_type   |
+-------+---------+------------+-----------+
| 10002 | Gutsy   | 2010-04-15 | cat       |
| 16002 | Fritz   | 2010-05-25 | porcupine |
| 17025 | 25      | 2010-01-10 | lizard    |
| 17026 | 3P#_26  | 2010-01-10 | lizard    |
| 17027 | 3P#_25  | 2010-01-10 | lizard    |
| 21316 | Etta    | 2010-06-11 | cat       |
+-------+---------+------------+-----------+
6 rows in set, 2 warnings (0.00 sec)

Warning (Code 1292): Incorrect date value: '2008%' for column 'an_dob' at row 1
Warning (Code 1292): Incorrect date value: '2010%' for column 'an_dob' at row 1
--------------
/* TASK 07 */
select distinct
	cl_id
,	cl_name_last
from a_vets.vt_animals
join a_vets.vt_clients using (cl_id)
where vt_animals.an_type in ('cat')
order by vt_animals.cl_id
--------------

+-------+--------------+
| cl_id | cl_name_last |
+-------+--------------+
|  1825 | Harris       |
|  1852 | Dalrymple    |
|  3560 | Monk         |
|  6897 | Drake        |
+-------+--------------+
4 rows in set (0.00 sec)

--------------
/* TASK 08 */
select distinct
	cl_id
,	cl_name_last
from a_vets.vt_animals
join a_vets.vt_clients using (cl_id)
where not vt_animals.an_type in ('cat')
--------------

+-------+--------------+
| cl_id | cl_name_last |
+-------+--------------+
|   411 | Carter       |
|  1825 | Harris       |
|  1852 | Dalrymple    |
|  3560 | Monk         |
|  4534 | Montgomery   |
|  5699 | Biederbecke  |
|  7152 | Brubeck      |
+-------+--------------+
7 rows in set (0.00 sec)

Bye
